{"cameraMode":{"drawMode":1,"name":"Wireframe","section":"Shading Mode"},"sceneLighting":true,"audioPlay":false,"sceneViewState":{"m_AlwaysRefresh":false,"showFog":true,"showSkybox":true,"showFlares":true,"showImageEffects":true,"showParticleSystems":true,"showVisualEffectGraphs":true,"m_FxEnabled":true},"in2DMode":false,"pivot":{"x":-0.3357701897621155,"y":-0.7683953046798706,"z":-10.868610382080079},"rotation":{"x":0.026717450469732286,"y":0.9153584837913513,"z":0.06194256618618965,"w":-0.3972577750682831},"size":0.2660256028175354,"orthographic":false}